<?xml version="1.0" encoding="UTF-8"?>
<beans xmlns="http://www.springframework.org/schema/beans"
	xmlns:xsi="http://www.w3.org/2001/XMLSchema-instance"
	xmlns:security="http://www.springframework.org/schema/security"
	xmlns:webflow-config="http://www.springframework.org/schema/webflow-config"
	xsi:schemaLocation="http://www.springframework.org/schema/beans 
       http://www.springframework.org/schema/beans/spring-beans.xsd 
       http://www.springframework.org/schema/security 
       http://www.springframework.org/schema/security/spring-security.xsd       
       http://www.springframework.org/schema/webflow-config 
       http://www.springframework.org/schema/webflow-config/spring-webflow-config.xsd">

	<bean id="flowHandlerMapping"
		class="org.springframework.webflow.mvc.servlet.FlowHandlerMapping">
		<property name="flowRegistry" ref="flowRegistry"></property>
	</bean>
	<bean id="flowHandlerAdapter"
		class="org.springframework.webflow.mvc.servlet.FlowHandlerAdapter">
		<property name="flowExecutor" ref="flowExecutor"></property>
	</bean>

	<webflow-config:flow-executor
		id="flowExecutor" flow-registry="flowRegistry">
	</webflow-config:flow-executor>

	<webflow-config:flow-registry
		id="flowRegistry" base-path="/WEB-INF/flow">
		<webflow-config:flow-location
			path="/checkout/checkout-flow.xml" id="checkout"></webflow-config:flow-location>
	</webflow-config:flow-registry>

</beans>
